Word,,Part of Speech,,Definition
"-chin/-kin, -chènn/-kènn",,"n, adj",,"add to poss. adj to make 'mine, yours' etc., 'my own, your own' etc., focused poss."
-la,,det,,"(postposed, bound, definite singular marker)"
-yé,,det,,"(postposed, bound, definite plural marker)"
(a)(p)(é),,aux,,progressive marker
(a)(v)(è)(k),,conj,,with
"(a)rivé, (a)riv",,v,,"to arrive, to happen"
(Bon)Djè,,n,,God
(d)èt,,v,,"to be (inf., imp.)"
(é)kan,,"adv, conj",,when
"(é)shapé, (é)shap",,v,,"to escape, get away"
"(é)toufé, (é)touf",,v,,"to stew, smother, suffocate"
"(èn)navé, yé té gin",,vphr,,there was/were
"(èn)nora, yé va gin",,vphr,,there will be
(gin) hont,,vphr,,to be ashamed
(gin) rézon,,vphr/adjphr,,to be right
(i)fo...,,phr,,it is necessary that...
"(l/r)ouvraj, travay",,n,,work
"(l/z)œr, (l/z)èr",,n,,"hour, (preceded by number) o'clock"
(la)baryè,,n,,fence
(la)byær,,n,,beer
(la)chirout,,n,,diarrhea
(la)dob,,n,,"roast, stew"
(la)fèt,,n,,"birthday, party, holiday"
(la)journin,,n,,"day, daytime, daylight hours"
(la)kasinn,,n,,yaupon holly (Ilex vomitoria)
(la)limyær,,n,,light
(la)mòché,,n,,half of
(la)pousyær,,n,,dust
(la)sònn,,n,,"ash, ashes"
(la)shèj,,n,,chair
(la)tab,,n,,table
(la)tèt,,n,,head
(la)vyolon,,n,,"violin, fiddle"
(li)-mèm,,pro,,"emphatic independent/object pronoun, reflexive pronoun; -self"
(o)bòr isit,,prep,,"around here, on this side of"
(pa) aryin,,n,,nothing
(pa) pærsonn,,n,,no one
"(ré)pozé, (ré)poz",,v,,"to rest, relax (sometimes reflexive)"
(v)a/(s)a,,aux,,future marker
(vou)zòt,,pro,,you (plural) (subject and object)
(z/n/l)an,,n,,year (for counting age)
(z/v)ær-boutéy,,nphr,,shards of glass
a,,prep,,"of (used to show possession), for, with, per, to, from (origin), to, at (time, location)"
a-koté,,prep,,nearby
a-la-fwa,,advphr,,at a time
a-la-trènn,,advphr,,in disorder
a-mizir,,"conj, adv",,as/while; little by little
a/en labri,,prepphr,,sheltered
a/o,,prep,,"to, at (directional)"
abichud,,aux,,"to be used to, accustomed to"
adrwa,,adv,,to the right (direction)
Afrikin; afrikin,,"n, adj",,African
agosh,,adv,,to the left (direction)
aklé,,v,,to lock
akoz,,conj,,"because of, on account of"
"alé, va",,v,,to go
alentour,,prep,,"around, approximately, about"
alfabèt,,n,,alphabet
Alman; alman,,"n, adj",,German
alon/anon,,aux,,"hortative marker (""let's"")"
alòr,,interj,,"then, so, Fr. 'donc'"
anmær,,adj,,bitter
aou/éou,,conj,,where
aout,,n,,August
ap(é),,conj,,progressive marker
apré,,"adv, prep",,"after; to, at, on, for, against"
apré-midi,,nphr,,afternoon
aprézen,,advphr,,"at present, nowadays"
aprònn,,v,,"to learn, teach"
aproshan,,adv,,"about, nearly, approximately"
"arèté, arèt",,v,,to stop
"asé, asé-(d)",,"adv, adj",,"enough, enough (of)"
"ashté, ashèt",,v,,to buy
"asiré, asir",,v,,"to assure, insure"
asit,,v,,to sit
astœr,,adv,,now
astœr-la,,adv,,right now
"aswa-la, aswa",,n,,"tonight, at night"
"atlé, (atèl)",,"v, adj",,"to get all dressed up, hitch, harness; in one's Sunday best"
atònn,,v,,to wait for
aværti,,v,,"to notify, warn"
avan,,adv,,before
"avansé, avans",,v,,to make progress
avri,,n,,April
bæk,,adj,,"back, returned"
bag,,n,,ring
baké,,n,,"bucket, tub, basin"
bal,,n,,dance (social gathering)
balé,,n,,broom
"balé, bal",,v,,"to sweep, clean out"
"baloté, balot",,v,,to stagger
bammbay,,adv,,"soon, by and bye"
banndjo,,n,,banjo
barbi,,n,,catfish
"barbouyé, barbouy",,v,,"to dirty, to get dirty"
"bardé, bard",,v,,to dart off
"baré, bar",,v,,"to lock, block"
"baskilé, baskil",,v,,"to move around, shove, push"
bat,,v,,"to fight, beat, struggle (fig)"
bati,,v,,to build
batimen,,n,,ship
batimen-d-ær,,n,,airplane
batis,,n,,building
bato,,n,,boat
baton,,n,,"stick, stalk"
baton-mærde,,nphr,,"pest, nuisance, annoyance, pain-in-the-neck"
baton-mayi,,nphr,,cornstalk
bèf,,n,,cow
bèl,,n,,"girlfriend, female lover"
bèl-fiy,,n,,daughter-in-law
bèl-mær,,n,,"mother-in-law, stepmother"
bèl-sœr,,n,,sister-in-law
béñé,,n,,beignet
"bèñin, bèñ",,v,,"to swim, take a bath, bathe"
bèt,,"adj, n",,"stupid; a stupid person, animal"
bèt-avèk-dê-gro-kòrn,,nphr,,longhorn cattle
bétay,,n,,livestock
bezonn/bézwin,,v,,to need
bisik,,n,,bicycle
bit,,n,,"hill, mound"
"bité, bit",,v,,"to mound, heap up (soil); to stumble"
biy,,n,,"bead, beads"
blan,,adj,,white
"blèsé, blès",,v,,"to injure, wound, harm"
"bliyé, bliy",,v,,to forget
blòk,,n,,block
bo-fis,,n,,son-in-law
bo-frær,,n,,brother-in-law
bo-pær,,n,,"father-in-law, stepfather"
"bo, bèl",,adj,,"pretty, fine, beautiful/handsome"
bokou,,"adj, adv",,"many, very"
"bokshé, boksh",,v,,"to trip, stumble over, bump into, stub"
bòl,,n,,bowl
bon,,adj,,good
bon lashans,,interj,,"""good luck"""
bon vwayaj,,phr,,"""bon voyage"""
bon-marshé,,adj,,"cheap, economical"
bon-tem,,nphr,,"good time, fun"
bonjou(r),,interj,,"hello, good morning"
Bonn ané!,,interj,,Happy New Year!
Bonn fèt!,,phr,,Happy birthday!
bonn-aryin,,adj,,good-for-nothing
bonœr,,adj,,early
bonswa(r),,interj,,"good evening, good night"
bòs,,n,,boss; bus
bòs,,v,,"to bust, break open"
boskoyo,,n,,cypress knee
bòt,,n,,boots
boudin,,n,,boudin (sausage)
boug,,n,,"boy, man"
"bouklé, bouk",,v,,to buckle
boukònnin,,"v, adj",,"to smoke (meat), smoked"
boul,,n,,ball
"boulværsé, boulværs",,v,,"to have an upset stomach, turn over, change suddenly, make a lot of noise"
bounda,,n,,"backside, butt"
bout,,n,,end (of object)
bout-a-bout,,adv,,end to end
bout-d-tem,,nphr,,a while
boutéy,,n,,bottle
boutik,,n,,store
"bouyi, bouy",,v,,to boil
bra,,n,,arm
brak,,adj,,crazy
"braklé, brak",,v,,to do something hastily
branshaj,,n,,"little sticks, twigs, kindling"
brenm,,n,,eggplant
brilmen,,n,,burn
brilmen-lèstoma,,nphr,,heartburn
"briyé, briy",,v,,to shine
"brizé, briz",,v,,to shatter
"brulé, brul",,v,,to burn
bus/bis/bòs,,n,,bus
bwa,,v,,to drink
bwason,,n,,(alcoholic) drink
bwat,,n,,box
bwat-flœr,,n,,"flower box, planter"
byin,,"adj, adv",,"good, well, very"
byin bati,,adjphr,,well-built
byin èlvé,,adjphr,,well-mannered
byin rar,,adv,,rarely
byin sûr,,interj,,"of course, surely"
ç'apé kouri,,interj,,"it's going, it's working, I'm fine"
ça,,pro,,"that, what, it"
Ça senm lapli,,phr,,'It looks like rain'
ça va,,interj,,how's it going?
Ça vo pa lapèn/Çé pa lapèn,,phr,,'It's not worth the trouble'
ça-(s)-fé,,conj,,so
-çala,,det,,that
-ça(la)yé,,det,,"those, these"
çé,,v,,to be
çé pa aryin,,phr,,"no problem, you're welcome"
Çé pa mô-chin lafot!,,phr,,'It's not my fault!'
çé-té,,vphr,,it was
chak,,adj,,drunk
"chaké, chak",,v,,to get drunk
chanshœ,,adv,,luckily
charara,,n,,weak coffee
"chèké, chèk",,v,,to check
chiké,,adj,,cheeky
"chonbon/chyin, chyin",,v,,to hold
"chouwé, chou",,v,,to kill
chu,,n,,ass
-çila,,det,,this
d(e),,prep,,"from, of"
dærñin,,adj,,last
dæryè,,prep,,behind
dakòr,,"interj, n, adj",,"agreed, agreement, in agreement"
dan,,prep,,in
dan fon,,prepphr,,in the back
dan le...œr,,phr,,around...o'clock
dan tem-çala,,phr,,"in those days, at that time"
dan(z),,"prep, adv",,in; during
"dansé, dans",,v,,to dance
"dardé, dard",,v,,"to poke, jab, gig (a fish, frog)"
dê,,adj,,some (indef. pl. determiner)
de-koté,,prep,,aside
dézær,,n,,fields (gen.)
"dé, de",,n,,two
"débarasé, débaras",,v,,"to get rid of, clear out"
débat,,v,,"to make an effort, get by, manage"
débout,,v,,"to get up, be up/awake"
débout,,"adj, adv",,"standing, upright, awake/up"
dédin,,adj,,"picky, hard to please, annoyed"
défi,,n,,challenge
défréshi,,v,,"to clear (land, garden)"
Dégo; dégo,,"n, adj",,Italian
dégouté,,adj,,"disgusted, depressed, discouraged"
"déjœnin, déjœn",,"n, v",,"breakfast, to eat breakfast"
dékònn,,n,,sugarcane
"dékòré, dékòr",,v,,to decorate
dékourajé,,"v, adj",,"to be discouraged, to discourage"
"demajé, demaj",,v,,to damage
"déménajé, déménaj",,v,,to move (change location or habitation)
demi,,n,,half (used in telling time)
démin,,n,,tomorrow
démir/démur,,n,,berry
démlon,,n,,melon
démoush,,n,,fly
den,,n,,tooth
"dénishé, dénish",,v,,to rout out
dépi,,prep,,since
dépwa,,n,,green peas
dépwar,,n,,pear
désær,,n,,dessert
désenm,,n,,December
déshou,,n,,cabbage
dési,,prep,,"on top, over"
désònn,,v,,"to go down, get off, descend"
détènn,,adj,,faded
détèstab,,adj,,"horrible, awful"
"détèsté, détès",,v,,to dislike
"détourné, détourn",,v,,"to get rid of, cure, remove"
dévær,,n,,worm
dévan,,prep,,in front of
"dévinin, dévinn",,v,,to guess
déyòr,,"adv, prep",,"outdoors, outside, out"
dézo,,n,,bone
dézolé,,adj,,sorry
"dézònnwiyé, dézònnwiy",,v,,to cheer up
dézòrd,,"adj, n",,"unruly, wild; disorder"
"dézòt, lézòt",,n,,others
dézwa,,n,,goose
dézwit,,n,,oyster
dèzyèm,,adj,,second
di,,v,,"to say, tell"
di(s/z),,n,,ten
dibœr,,n,,butter
dibonm,,n,,mint
dibri,,n,,noise
dibwa,,n,,"wood, woods"
difé,,n,,fire
diféren,,adj,,different
diférens,,n,,difference
difwin,,n,,hay
digri,,n,,grits
diji,,n,,juice
dimansh,,n,,Sunday
Dimansh Lajwa,,nphr,,Gaudete Sunday
Dimansh Ramo,,nphr,,Palm Sunday
dimyèl,,n,,honey
diné,,n,,dinner
"dinin, dinn",,"n, v",,"lunch, to eat lunch"
dipin,,n,,bread
"diré, dir",,v,,"to last, keep (foodstuffs)"
diri,,n,,rice
dis-sèt,,n,,seventeen
disan,,n,,blood
disik,,n,,sugar
diværsité,,n,,diversity
diven,,n,,"wind, breath"
divin,,n,,wine
diz-nèf,,n,,nineteen
diz-yuit,,n,,eighteen
djaz,,"n, adj",,jazz
djèp,,n,,wasp
djìn,,n,,gin
djòb,,n,,job
djòg,,n,,jug
do,,interj,,though (discourse particle)
dolo,,n,,water
dolo-ho,,nphr,,flood
domaj,,n,,"shame, damage"
domino,,n,,domino
dòn,,v,,to give
dòn lafrèsh,,vphr,,to give shade
dòn shemin,,vphr,,to give/make/leave room
"dòrmi, dòr",,v,,to sleep
dou,,adj,,sweet
dousmen,,"adj, adv",,slow; slowly
douz,,n,,twelve
drésé sô shévé-yé,,vphr,,to make one's hair stand on end
drèt-la,,prep,,"right here, right then"
dri,,adj,,"thick (with), heavy"
drigay,,n,,junk
drol,,adj,,"funny, weird, odd"
drwa,,"adj, n",,"right (as opposed to left), correct, straight, honest, strict, fair; right (claim or privilege)"
dulé,,n,,milk
"dur, dir",,adj,,"hard, difficult"
dursi,,v,,to harden
duté,,n,,tea
dwa,,n,,finger
dwa,,v,,"to have to, owe, must"
é/è/(é)pi,,conj,,"and, and then"
"èdé, èd",,v,,to help
ègzamp,,n,,example
ékri,,v,,to write
èksplozé,,v,,to explode
èl,,pro,,"she, her (3psf object and subject pronoun)"
"èlvé, (è)lèv",,v,,"to raise, grow"
embarasé,,"v, adj",,"to bother, embarrass; embarrassed"
"embrasé, embras",,v,,"to hug, kiss"
en jénéral,,adv,,"generally, in general"
en lèr/lœr,,adj,,on time
en mòché,,"adj, adv",,in half
en nivo,,adj,,level
en plin,,prep,,in the middle of
en rout,,adv,,on the way
en trin,,adjphr,,"in good health, doing well"
en-famiy,,adj,,pregnant
en/ònn,,prep,,"on, in"
enba,,prep,,"below, under"
endan,,prep,,inside
endéyòr,,prep,,"outside, outside of"
èndjòy,,v,,to enjoy
enho,,prep,,"on, above"
enkòr,,"adj, adv",,yet
enlær,,"adv, adj",,"up, on, above"
enlè,,prep,,"above, on"
enmærdé,,"v, adj",,"to annoy, annoyed"
ènn-a-lòt,,n,,one another
ensenm,,adj,,together
éron,,n,,heron
éroplènn,,n,,airplane
Èskizé mò,,phr,,‘Excuse me’
"èskizé, èskiz",,v,,to excuse
èspær (pou),,v,,to wait (for)
èspès,,n,,"kind, type, sort"
èstropyé,,"v, adj",,to cripple; to be crippled
"étærnin, étærn",,v,,to sneeze
étidyan,,n,,student
"étidyé, étidi",,v,,to study
étòné,,adj,,surprised
fad,,adj,,bland
fær-a-shwal,,n,,horseshoe
"færmin, færm",,v,,"to close, shut"
famiy,,n,,family
faroush,,adj,,"wild, untamed"
fé,,v,,"to do, make"
fé        zan,,vphr,,to turn (an age)
fé (li) shiyé,,vphr,,to annoy (him)
fé (sô) dévwa,,vphr,,to do one's homework
fé (sô) lapriyè,,vphr,,to say (one's) prayers
fé (sô) ménaj,,vphr,,to do one's chores
fé fars,,vphr,,to joke
fé grosri,,vphr,,"to go grocery shopping, make groceries"
fé kado,,vphr,,to give as a gift
fé kòmærs,,vphr,,"to cause trouble, make a mess"
fé koukou,,vphr,,"to hoot, call (of birds)"
fé lakònésans (avèk),,vphr,,to meet (someone)
fé lamour/lakour,,nphr,,"to court, date"
fé lapèn,,vphr,,"to make sorry, feel sorry/sad"
fé lougarou,,vphr,,to stay out late gallivanting/carousing
fé mal,,vphr,,"to hurt (intr, tr)"
fé mèg,,vphr,,to fast
fé nwar,,vphr,,to get dark
fé rékòlt,,vphr,,to farm
fé særmen,,vphr,,"to swear, take an oath"
fé siñ lakrwa,,vphr,,to make the sign of the cross
fé sô nidé,,vphr,,to make up one's mind
fé sosyété,,vphr,,to throw a party
fé tensyon,,phr,,be careful
fé trin,,vphr,,"to complain, make noise"
Fé vit!,,phr,,‘Hurry up!’
fé zéklær,,vphr,,"to go really fast, make tracks"
fé zyé dou (apré),,vphr,,"to make eyes (at), wink (at)"
féb,,adj,,weak
fenm,,n,,"woman, wife"
févi/gombo,,n,,okra
fèvriyé,,n,,February
féy,,n,,leaf
fid,,n,,feed
fil,,n,,"wire, string"
fil zaryin,,nphr,,spiderweb
fil-a-kroshé,,n,,barbed wire
filé,,n,,filé
fim,,adj,,hungry
"fimin, fimm",,v,,to smoke (tobacco)
fimyé,,n,,"manure, fertilizer"
fin,,n,,end
fin-lasmèn,,n,,weekend
fini,,v,,"to finish, complete"
fistish,,"n, adj",,"an imitation (of something); fake, artificial"
fiy,,n,,"girl, daughter"
fiyèl,,n,,goddaughter
fiyo,,n,,godson
flèri,,v,,"to flower, bloom, (of popcorn) pop"
flœr,,n,,flower
fo,,adj,,false
fò,,n,,pho (Vietnamese soup)
fon,,"adj, n, prep",,"deep, depths"
fonn,,n,,phone
fonn,,n,,fun
fonn,,v,,"to melt, split, crack"
"fònnin, fònn",,v,,to wilt
fonsé,,adj,,dark (of color)
fòr,,adj,,"strong, loud"
foré,,n,,forest
fou,,adj,,crazy
fou,,n,,oven
fou,,v,,"to do, hit, throw, deliver (a blow)"
fou pa mal,,vphr,,"to not care, not give a flyin' fiddlestick"
Fou tô kam,,phr,,‘Get outta here’
foursh,,n,,pitchfork
fourshèt,,n,,fork (for eating)
foutimen,,adv,,extremely
frær,,n,,brother
Françé; françé,,"n, adj",,French (Creole or Cajun)
fraz,,n,,sentence
fré/frèt,,adj,,cold
frédi,,v,,to get cold
frèsh,,adj,,"fresh, cool"
fri,,v,,to fry
fri,,n,,fruit
"frikasé, frikas",,"n, v",,"fricassee, stew; to stew"
fromaj,,n,,cheese
fwa,,n,,"time, instance"
fwa-çala,,advphr,,at that time
fyær,,adj,,proud
fyansé,,"v, adj",,"to get engaged, be engaged"
Ga-wa!,,interj,,‘Look!’
galimacha,,n,,"a jumble of odds and ends, mess"
galopé laboush,,vphr,,"to chatter, jaw on, run one's mouth"
"galopé, galop",,v,,"to run, operate, manage"
"ganñin, ganñ",,v,,"to win, earn"
gar-manjé,,n,,pantry
garaj,,n,,garage
garçon,,n,,"boy, son"
gardé-fou,,n,,railing
"gardé, ga",,v,,"to look (at), keep, appear, look like, watch"
gargali,,n,,solution for gargling
"garoshé, garosh",,v,,to throw
gato,,n,,cake (general)
gayar,,adj,,healthy
gazolinn,,n,,gasoline
"gém, je",,n,,game
géri,,v,,"to heal, get better, cure (someone)"
gérison,,n,,cure
"gèté, gèt",,v,,"to watch, look at, watch, spy, keep an eye on"
Gèté!,,interj,,‘Watch out! Be careful!’
gin,,v,,to have
gin (sô) kœr en bon koté,,vphr,,to have one's heart in the right place
gin drwa,,vphr,,to be allowed to
gin lalanng long,,vphr,,to talk too much
gin lapé,,vphr,,to be at peace
gin lashans,,phr,,to be lucky
gin lè,,vphr,,"to seem, appear"
gin lèspri,,vphr,,to be smart
gin pœr,,vphr,,to be afraid
gin pou,,"vphr, aux",,to have to; future marker
gin ravé dan lapòsh,,vphr,,to have a (dirty) little secret
gin toupé,,vphr,,to have nerve
gita,,n,,guitar
glan,,n,,acorn
glasyè,,n,,refrigerator
gogo,,n,,butt
Gòlf,,n,,the Gulf of Mexico
gòm-élastik,,nphr,,rubber band
gombo,,n,,gumbo
gonn,,"v, adj",,"to leave, go, gone"
gosh,,adj,,"left (as opposed to right), awkward, clumsy"
gou,,n,,taste
gout,,n,,"a drop, sip"
"gouté, gou",,v,,to taste
gran-mær/gran-moman,,n,,grandmother/grandma
gran-monn,,n,,grow-up
gran-ouvær,,adjphr,,wide open
gran-pær/gran-popa,,n,,grandfather/grandpa
gran-paren,,n,,grandparents
gran-ti-zenfan,,n,,great-grandchild
"gran, gro",,adj,,big
grandi,,v,,"to grow up, grow"
"graté, grat",,v,,"to scrape, scratch"
grènn,,n,,seed
gril,,n,,grill
"griyé, griy",,v,,"to grill, roast"
gro tem/mové tem,,n,,"bad weather, storm"
"grœnasé, grœnas",,v,,"to rain in a soft mist, drizzle"
grœnouy,,n,,frog
grolé,,adj,,half-cooked (hard)
"gronyin, grony",,v,,"to rumble (of thunder), grumble, moan, complain"
grosi,,v,,"to grow, grow up, get fat"
"grouyé, grouy",,v,,"to move, shake"
gru,,n,,crane
gru kanada,,n,,sandhill crane
gwalan,,n,,seagull
"hé, halo",,interj,,hey
"hèlé, hèl",,v,,"to yell, cry, shout"
hòl,,n,,dancehall
hont,,n,,"shame, shyness"
honté,,adj,,"ashamed, embarrassed"
ibou,,n,,owl
imajinasyon,,n,,"imagination, a figment of one's imagination"
impòrtan,,adj,,important
"in lòt, in nòt",,prep,,another
in pe,,n,,a little
in ta (dê),,nphr,,a lot (of)
"in, ènn, œn",,n,,"one, a(n)"
"ina/(èn)na, yé gin",,vphr,,there is/are
ini,,adj,,"even, smooth"
inik,,adj,,unique
"inkyété, inkyèt",,v,,to worry
inpòsib,,adj,,impossible
inpòtan,,adj,,important
Insiswatil,,phr,,Amen
intærnasyonal,,adj,,international
intérèsé,,adj,,"interesting, interested"
isit,,prep,,here
itil,,adj,,useful
itou,,conj,,"also, too"
izé,,adj,,easy
"izé, iz",,v,,"to wear out, use"
jakèt,,n,,jacket
jamin,,adv,,"never, ever"
janmb,,n,,leg
janmbalaya,,n,,jambalaya
janvyé,,n,,January
"japé, jap",,v,,to bark
jardin,,n,,garden
jardinaj,,n,,vegetables
jasmin,,n,,jasmine
je,,pro,,"I (1ps subj pronoun; rare, sometimes combines with ‘mò’)"
jé(y),,n,,jaybird
"jènnin, jènn",,v,,"to bother, annoy, worry, trouble"
jenou,,n,,knee
jèté zòrdi,,vphr,,to take out the trash
"jèté, jèt",,v,,"to throw, get rid of, demolish"
jilyèt,,n,,July
jin,,n,,June
jinga,,adj,,"speckled, spotted, checked (gingham)"
jiromon,,n,,pumpkin/punkin
jish,,adv,,just
"jlé, jèl",,v,,to freeze
jœdi,,n,,Thursday
jœnn,,adj,,young
joli,,adj,,"pretty, beautiful"
jolimen,,adv,,"pretty much, essentially, basically"
"jonglé (apré), jong",,v,,"to reflect, think, consider, remember"
jonglé enho,,vphr,,to think about (inanimate obj)
jonglé pou,,vphr,,to think about (animate obj)
jonn,,adj,,yellow
jòrdi,,n,,today
"jouké, jouk",,v,,to roost
jour,,n,,day
jozé,,n,,blouse
juska,,prep,,until
jwé,,v,,to play
jwé in fars,,vphr,,play a trick
jwènn,,v,,"to meet, run into"
jwif,,"n, adj",,"Jew, Jewish"
ka(p)(ab),,"v, adj",,to be able
kabinèt,,n,,"closet, cabinet"
kabosé,,adj,,hunchbacked
"kabosé, kabos",,v,,to dent
kado,,n,,gift
kafé,,n,,coffee
kagou,,adj,,out of sorts
kaka,,"v, n",,"to defecate, feces"
kala,,n,,hot rice fritter
kalçon (in nonm/ènn fenm),,n,,underwear (men's/women's)
kaldo,,n,,"Spanish soup w/ cabbage, meat, and sweet potatoes"
"kalé, kal",,v,,"to sink, plunge, deceive"
kalimaçon,,n,,snail
kalin,,"n, adj",,"boyfriend, male lover; lazy"
kalinn,,n,,"girlfriend, female lover"
kalité,,n,,"kind, type, sort"
"kalmin, kalm",,v,,"to calm, soothe"
kammòmèl,,n,,chamomile
kan-mèm,,conj,,"although, even if"
kana(r),,n,,duck
kanay,,"adj, n",,"cunning, mischievious, sly; rascal"
kanko,,n,,French mulberry/American beautyberry (Callicarpa americana)
kapitènn,,n,,captain
kapkap,,n,,green-backed heron
kapo,,n,,coat
kapon,,"adj, n",,"cowardly, n"
karaktè,,n,,"character, manner, way"
karankro,,n,,"buzzard, vulture"
karant,,n,,forty
karant-é-ènn,,n,,fourty-one
Karèm,,n,,Lent
"karèsé, karès",,n,,"to hug, caress"
Karnaval,,n,,Mardi Gras
karo,,n,,diamonds (in cards)
karòt,,n,,carrot
karp,,n,,carp
kart,,n,,"card, playing cards"
kas-tèt,,n,,"hatchet, hammer"
"kasayé, kasay",,v,,to break up (into tiny pieces)
kasé lapay,,vphr,,to break up (a friendship/relationship)
kasé latær,,vphr,,"to break ground, till"
"kasé, kas",,v,,"to break, crack, shuck, shell"
kashé,,"v, adj",,"to hide, hidden"
kashé-monn,,n,,hide-and-seek
kaspærgou,,n,,gaspergou
kat(r),,n,,four
Katolik; katolik,,"n, adj",,Catholic
katòrz,,n,,fourteen
katré-vin,,n,,eighty
katré-vin-dis,,n,,ninety
kawènn,,n,,"snapping turtle (for soup), female genitalia"
kay,,adj,,"speckled, spotted"
kayé,,n,,cottage cheese
kayé,,n,,notebook
ke,,conj,,than
kek,,n,,"a kind of pastry, cake"
kèk,,adj,,some
kèk-plas,,n,,somewhere
kèk-zafær,,n,,something
kèkènn,,pro,,someone
kèkènn dòt,,pro,,someone else
kèl,,conj,,"which, what"
kèstyon,,n,,question
"kèstyonin, kèstyonn",,v,,to question
ki,,conj,,"who, what, which, that (in relative clauses)"
ki/kèl lèr/lœr,,phr,,what time?
ki-çé/ki-ça/ki/ça,,conj,,what
ki-monn,,conjphr,,who
kiki,,onom,,haha
"kilbité, kilbit",,v,,"to knock over, fall over"
kilot,,n,,pants
kilot kout,,nphr,,shorts
kinz,,n,,fifteen
kiréy,,n,,squirrel
kiriyé,,adj,,curious
kishòj,,n,,"thing, something"
"kité, kit",,v,,"to leave, let"
kiyær,,n,,spoon
klær,,"adj, adv",,"clear, light (said of skin), clearly"
klærmen,,adv,,clearly
klo,,n,,field
klo lwil,,n,,oilfield
klœb,,n,,"club, nightclub"
klou,,n,,nail
klouk,,n,,male genitalia
"klouyé, klou",,v,,to nail
kœr,,n,,"heart, hearts (in cards)"
kofær,,conj,,why
"koké, kok",,v,,to make love
kokiy,,n,,shell
kokodri,,n,,alligator
kokonm,,n,,cucumber
kolær,,"n, adj",,"anger, angry"
kòm,,adj,,like
kòm-çi-kòm-ça,,adjphr,,so-so
kòmærs,,n,,"trouble, bother, meddling, gossip, fuss"
komen,,conj,,how
"komensé, komens",,v,,"to start, begin"
komifo,,adj,,"proper, suitable"
kòmòd,,n,,toilet
komprònn,,v,,to understand
konin,,v,,"to know, be able"
konin,,aux,,to do regularly
konin (komen),,vphr,,to know how
konmyin,,adv,,how many
konsèy,,n,,advice
konsonn,,n,,consonant
konstab,,n,,police officer
kontèks,,n,,context
konten,,adj,,happy
kontini,,v,,to continue
konværsasyon,,n,,conversation
"konyin, kony",,v,,"to hit, strike, bump"
kopal,,n,,sweetgum tree
kopo,,n,,wood shavings
"kòrdé, kòrd",,v,,to tune (a musical instrument)
kòrèk,,adj,,"OK, correct, fine (inf.)"
"korish, kòk",,n,,rooster
kòrn,,n,,horn
"kòrshé, kòrsh",,v,,"to skin, peel, remove outer layer"
koshon,,n,,pig
koshon faroush,,nphr,,"boar, wild pig"
koté,,prep,,"at, near, in the place of"
koton,,n,,cotton
kòton-mayi,,n,,corncob
kou,,n,,neck
koukouroukou,,interj,,Cuckoo! Cockadoodledoo!
"koulœr, koulè",,n,,"color, colored (of people)"
koundjay,,n,,a type of dance
"koupé, koup",,v,,to cut
koupur,,n,,"cut, scar"
kouri fou,,vphr,,to go crazy
kouri sharshé,,vphr,,"to go get, fetch"
kouri-mo-gin-vini,,nphr,,another name for Louisiana Creole
"kouri, kour",,v,,"to go, work (function), happen, run (fig)"
kouròn,,n,,wreath
kouròn Lavonn,,nphr,,Advent wreath
"koushé, koush",,v,,"to go to bed, put to bed, lie down, flatten"
koushkoush,,n,,cornbread with sugar and milk
koushmar,,n,,nightmare
kout,,adj,,short
"kouté, kout",,v,,"to listen, to cost"
kouto,,n,,knife
kouvær,,adj,,"cloudy, covered"
"kouzin, kouzinn",,n,,"cousin (m/f), cousin (f)"
"kozé, koz",,v,,to chat
krab,,n,,crab
krak,,n,,crack
"kraké, krak",,v,,to crack
krapo,,n,,toad
krasé,,adj,,"grimy, filthy"
krasha,,n,,spit
"krashé, krash",,v,,to spit
kravat,,n,,tie (men's clothing)
"krazé, kraz",,v,,"to crush, smash, lie flat"
krébis,,n,,"crawfish, crawdad"
"krèvé, krèv",,v,,to die
krin,,n,,"horsehair, mane"
Kriyòl/Kréyòl; kriyòl/kréyòl,,"n, adj",,Creole
kròt,,n,,"scat, dung"
krouston,,n,,"crust, heel (of bread)"
kru,,adj,,raw
kwa,,v,,"to believe, think"
kwa,,conj,,what
kwi,,v,,to cook
la,,"prep, conj",,"there, here; then"
la Tou-Sin,,nphr,,All Saints Day
la/le/lœ,,det,,"(preposed, free, definite singular marker)"
laba,,prep,,"there, over there"
labank,,n,,bank
labarb,,n,,beard
Labib,,n,,the Bible
labitan/rékòltè,,n,,farmer
labou,,n,,mud
laboukonn,,n,,smoke
"labouré, labou(r)",,v,,"to plow, till, wallow, muck around"
laboush,,n,,mouth
laboushri,,n,,a communal slaughter and butcher of a pig (or other animal) usually with a meal
labri,,n,,shelter
labrid,,n,,"bridle, guide cord"
ladjœl,,n,,mouth (informal)
lafigur,,n,,face
lafinèt,,n,,window
lafot,,n,,fault
lafrèsh,,n,,"breeze, shade, relief"
lagalri,,n,,porch
laglas,,n,,"ice, ice cream, frost"
lagli,,n,,slime
lagòm,,n,,sap (like from a sweetgum)
lagrosri,,n,,grocery store
lahansh,,n,,hip
lahash,,n,,"hatchet, axe"
laj,,n,,age
lajistis,,n,,justice
lajup,,n,,skirt
lajwa,,n,,joy
lak,,n,,lake; potion
lakanmpony,,n,,"the country, countryside"
lakav,,n,,"cellar, pantry"
laké,,n,,"tail, greens (of vegetable)"
lakizinn,,n,,kitchen
laklé,,n,,key
lakònésans,,n,,act of meeting someone
lakonmponyi,,n,,company (people)
lakou,,n,,yard
lakras,,n,,"dirt, filth"
lakrout,,n,,"crust (of soil), scab"
lalamp,,n,,lamp
lalanng,,n,,tongue
lalinn,,n,,moon
lalotri,,n,,lottery
Lalouzyònn,,n,,Louisiana
lalwèt,,n,,uvula
lamær,,n,,ocean
lamærd,,n,,shit
Lamærd!,,interj,,‘Shit!’
lamansh,,n,,handle (of a tool)
lambraj,,n,,shade
lamès,,n,,"church, mass"
lamézon,,n,,house
lamin,,n,,hand
lamiray,,n,,wall
lamizè,,n,,"misery, trouble, problem"
lamizik,,n,,music
lamòr,,n,,death
lamòrè,,n,,"boyfriend, (male) lover"
lamour,,n,,love
lamoutard,,n,,mustard
lañap,,n,,lagniappe
landoui,,n,,andouille (sausage)
lanèj,,n,,snow
langré,,n,,frostbite
lanin,,n,,year
lanmçon,,n,,fishhook
lannin,,n,,year (more for time)
"lansé, lans",,v,,"to run after, chase away, lance, throw"
lanwit,,n,,nighttime
lapat,,n,,"paw, leg or foot (of animal)"
lapay,,n,,"straw, husk"
lapé,,n,,peace
lapèl,,n,,shovel
lapil-é-pilon,,nphr,,mortar & pestle
lapli,,n,,rain
Lapli apé tombé kòm shyin é sha,,phr,,'It's raining cats and dogs'
lapo,,n,,"skin, hide"
lapoud,,n,,"powder, dust, gunpowder"
lapwal,,n,,frying pan
lapyòsh,,n,,hoe
laras,,n,,race
larivyær,,n,,river
larizlé,,n,,morning glory
larjen,,n,,"money, silver"
lark-en-syèl,,nphr,,rainbow
larozé,,n,,dew
larum,,n,,"cold (sickness), flu"
las,,adj,,tired
lasal,,n,,room
lasalad,,n,,salad
lasézon,,n,,season
lashans,,n,,"luck, chance, opportunity"
lashash,,n,,hunting
lasmèn,,n,,week
lasòs,,n,,sauce
lasoup,,n,,soup
laswèr,,n,,sweat
latær,,n,,"earth, ground, soil, dirt"
latær gra,,n,,clay
latær sab,,n,,sandy soil
latizònn,,n,,herbal tea
laværtismen,,n,,warning
lavalas,,n,,"a heavy downpour (of rain), avalanche"
lavatwar,,n,,sink
lavatwar lavésèl,,nphr,,kitchen sink
"lavé, lav",,v,,to wash
lavésèl,,n,,"dishes, china"
lavi,,n,,life
lavil,,n,,city
"Lavil, Nouvèl-Òrléan",,n,,New Orleans
Lavonn,,n,,Advent
lavwa,,n,,voice
lavyònn,,n,,meat
lay,,n,,garlic
lê,,adj,,"(preposed, free, definite plural marker)"
lèçon,,n,,"lesson, moral"
lèd,,adj,,ugly
légimm/værdir,,n,,vegetable
légliz,,n,,church
légonn,,n,,leghorn (chicken)
léjé,,adj,,"light, thin"
lékol,,n,,school
lékòrsh,,n,,"bark, outer covering, skin, hull, scale (of fish), shell (of crawfish)"
lembara,,n,,"mess, trouble, fix, bind, sticky situation"
lembrouy,,n,,confusion
léritaj,,n,,heritage
lès,,"n, adj",,"east, eastern"
lèsé trankil,,vphr,,to leave alone
"lèsé, lès",,v,,"to leave, let"
lèskalyé,,n,,"stairs, staircase"
lèskiz,,n,,excuse
"lèspañol, Lèspañol",,"adj, n",,"Spanish (adj), Spanish (language); a Spaniard"
lèspri,,n,,"spirit, ghost, intelligence"
lèstoma,,n,,"belly, gut, stomach"
léta,,n,,state
Létazini,,n,,USA
lété,,n,,summer
létwal,,n,,star
"lèvé, lèv",,v,,"to get up, to raise"
léza,,n,,lizard
lézarp,,n,,filthy language; dirty mouth
li,,pro,,"he, she, it (subject and object)"
likid,,n,,liquid
lila,,n,,chinaberry/chinaball tree
lila,,adj,,lilac (color)
limidité,,n,,"wetness, dampness"
"limin, limm",,v,,to light
limiro pa pær,,nphr,,odd number
limiro pær,,nphr,,even number
limiro/numéro,,n,,number
limon,,n,,lemon
lindi,,n,,Monday
linèt,,n,,glasses
linité,,n,,unity
linivær,,n,,universe
linj,,n,,clothes
"linmin, linm",,v,,"to love, like"
linstrumen,,n,,musical instrument
lir,,v,,to read
lis,,n,,list
listwar,,n,,story
lit,,n,,bed
liv,,n,,book; pound (unit of measurement)
livær,,n,,winter
lofis,,n,,office
lonch,,n,,lunch
lontem,,adv,,a long time
lontem pasé,,advphr,,a long time ago
lopital,,n,,hospital
lòragan,,n,,"hurricane, storm"
lòryé,,n,,"laurel, bay laurel"
lòt/dòt,,adj,,other
lotòn,,n,,"autumn, fall"
lougarou,,n,,werewolf
lou(r),,adj,,heavy
loutin,,n,,nightmare
"lwé, lou",,v,,to rent
lwèst,,"n, adj",,"west, western"
lwil,,n,,oil
lwin,,"adv, prep",,far
Madamm; madamm,,n,,"Mrs.; ma'am, lady, wife"
mær,,n,,mother
Mærikin; mærikin,,"n, adj",,American (or English language)
mærkrédi,,n,,Wednesday
Mærkrédi-dê-Sònn,,nphr,,Ash Wednesday
mærsi,,interj,,thanks
magnolya,,n,,magnolia
mal,,n,,"ailment, evil"
mal-lagòrj/mal-de-gòrj,,nphr,,sore throat
mal-latèt/mal-de-tèt,,nphr,,headache
mal-o-den,,n,,toothache
mal-o-do,,n,,backache
mal-o-kœr,,n,,heartburn
mal-o-vent,,n,,stomach ache
mal-zòrèy,,n,,earache
malad,,adj,,sick
maléré,,adj,,"poor, unfortunate, sad"
malérezmen,,adv,,unfortunately
malgré,,adv,,although
malin,,adj,,"clever, sly"
mandé pardon,,n,,to ask forgiveness
"mandé, mand",,v,,to ask
manjé,,n,,food
manjé latær,,vphr,,"make someone crawl, eat a slice of humble pie (lit. 'eat dirt')"
"manjé, manj",,v,,to eat
mank,,n,,a lack of
"manké, mank",,v,,"to miss, be lacking, almost do something"
mardi,,n,,Tuesday
marènn,,n,,godmother
margo,,n,,starter potato/plant
"margoté, margot",,v,,to transplant
mari,,n,,husband
"maringwin, moustik",,n,,mosquito
"mariyé, mari",,v,,to marry
marodan,,"adj, adv",,"wild, crazy"
maron,,adj,,brown
mars,,n,,March
"marshé, marsh",,v,,"to walk, work (function)"
marto,,n,,hammer
maryaj,,n,,marriage
mashinn,,n,,"machine, engine, motor"
mayi,,n,,corn
mé,,n,,May
mé,,conj,,but
médsinn,,n,,medicine
"mèlé, mèl; méli",,"v, adj",,to mix; mixed
méli-mélanj,,n,,a hodge-podge
méli-mélanjé,,v,,"to jumble up, mix together"
mèm,,adj,,"same, even (if, etc.)"
"ménajé, ménaj",,v,,"to use sparingly, economize"
Mènn tô chu!,,phr,,‘Hurry up!’ (lit. 'Haul your ass!')
mènnen bæk,,vphr,,to bring back
"mènnin, mènn",,v,,"to bring, haul"
mènnin/fé lembara,,vphr,,to cause trouble
menti,,n,,lie
"menti, men",,v,,to lie
mèt,,v,,"to put, to put on"
mèt-(d)-lékol/mèt,,nphr,,teacher (male)
métrès-(d)-lékol/métrès,,nphr,,teacher (female)
méyœr,,adj,,"better, best"
midi,,adv,,noon
mil,,n,,a thousand; mile
milé,,n,,mule
minn,,v,,"to mean, signify"
mir,,adj,,ripe
mirtir,,n,,blueberry
"miryaj, nuaj",,n,,cloud
miryé,,n,,mulberry tree
miské,,adj,,musky
mistær,,n,,mystery
Misyé; misyé,,n,,"Mr.; sir, gentleman"
mit,,n,,moth
mizærikòrd,,n,,mercy
Mizærikòrd de Djè!,,interj,,"‘Lord, have mercy!’"
mizérab,,adj,,"miserable, wretched"
mizir,,n,,measure
mo,,pro,,I (subject)
mò,,pro,,me (object)
mô,,det,,my
Mo konten fé lakònésans èk twa,,phr,,nice to meet you
mòché-frær,,n,,half-brother
mòché-sœr,,n,,half-sister
mol,,v,,"to heap, mound up (soil)"
mòl,,n,,"maul, sledgehammer"
moman,,n,,mom
monn,,n,,"person, relative"
monn lwil,,n,,oilman
montañ,,n,,mountain
"monté, mont",,v,,"to mount, ride"
"montré, mont",,v,,"to teach, show"
mòr,,adj,,dead
mòrd,,v,,"to bite, sting"
mòrso,,n,,little piece
mouri/mòr,,v,,to die
moush-a-fé,,n,,"lightning bug, firefly"
moush-a-myèl,,n,,honeybee
moustash,,n,,mustache
mouton,,n,,sheep
"mouyé, mouy",,v,,"to water, wet, dampen, rain"
mové,,adj,,bad
mové rèv,,n,,bad dream
"mové zærb, bangou",,n,,weed
mòyær,,"n, adv",,"way (of doing), kind; kinda"
muzisyin,,n,,musician
mwins,,"adv, n",,less
myé,,adj,,better
myèt,,n,,crumb
"myèté, myèt",,v,,to snack
"najé, naj",,v,,to swim
namm,,n,,soul
napa,,n,,bait
narb,,n,,tree
narb Nwèl,,nphr,,Christmas tree
"nargé, narg",,v,,"to tease, pick on, make fun of"
naturèl,,adj,,natural
nazal,,adj,,nasal
né,,v,,to be born
nèf/nœf,,n,,nine
"néjé, nèj",,v,,to snow
népi-mayi,,nphr,,ear of corn
"nètwayé, nètwa",,v,,to clean
névé,,n,,nephew
nidé,,n,,"idea, mind, thought"
nik,,n,,nest
Nimpòrt,,exp,,"'It doesn't matter,' 'Ça m'est égal'"
nimpòrt (ki),,"adj, n",,"any, whatever, whichever"
nimpòrt ki zafær,,nphr,,anything
nimpòrt ki-monn,,nphr,,anybody
nimpòrt ki-plas,,nphr,,anywhere
nimpòrt kishòj,,nphr,,anything
nish,,n,,a practical joke
"nishé, nish",,v,,"to trick, make fun of, nick, steal"
nivlé,,v,,to level
nivo,,n,,level
nô,,det,,our
"no, nouzòt",,pro,,we (subject)
nom,,n,,name
nom-d-famiy,,n,,surname
nom-d-maryaj,,n,,married name
non,,interj,,no
non pli,,adv,,"anymore, either"
nonk,,n,,uncle
nonm,,n,,man
nonnon,,n,,"core, pit (of fruit)"
nòr,,"n, adj",,"north, northern"
nòtis,,n,,"sign, invitation, notice"
"nou, nouzòt",,pro,,us (object)
nouvo,,adj,,new
novenm,,n,,November
nwa,,n,,nut
nwar,,adj,,black
nwayé,,n,,walnut tree
"nwayé, nwa",,v,,to drown
Nwèl/Krismis,,n,,Christmas
nyés,,n,,niece
ô,,interj,,"oh, O"
"O nom Pær, é Fis, é Sint Èspri",,phr,,"'In the name of the Father, and of the Son, and of the Holy Spirit' (sign of the cross)"
œrœ,,adj,,happy
œrœzmen,,adv,,"fortunately, luckily"
ofon,,prep,,to the bottom
oktòb,,n,,October
òkupé,,adj,,busy
"olé, ve",,v,,to want
omwin,,conj,,at least
ònnaryær,,prep,,"in back, behind"
ònnavan,,prep,,in front of
ònnwiyé,,adj,,"bored, lonesome"
onz,,n,,eleven
opré,,prep,,nearby
ora,,prep,,"near, close to, beside, around, in comparison with"
orévwar,,interj,,goodbye
osi…ke,,adjphr,,as…as
osit,,conj,,"also, too"
osito ke,,advphr,,as soon as
oswa,,adv,,"evening, in the evening"
"oté, ot",,v,,"to take off, remove"
ou,,conj,,or
"ouvri, ouvær",,v,,to open
Ozilinnwa,,n,,Illinois
pa,,conj,,negative marker
pa ditou,,adv,,not at all
pa enkòr,,adv,,not yet
pa gayar,,adjphr,,"ill, menstruating"
pa in lamærd,,nphr,,not a darn thing
pa-d-kwa,,phr,,"you're welcome, it's nothing"
pa...gran-shòj,,adv,,not much
pa...nil-plas,,adv,,nowhere
"padna, zami",,n,,friend
padré,,n,,priest
pær,,n,,father
pær,,n,,pair
pærd,,v,,to lose
pærdi,,adj,,lost
pærsi,,n,,parsley
pagay,,n,,"paddle, oar"
"pagayé, pagay",,v,,to paddle
Pak,,n,,Easter
pakann,,n,,pecan
pakanñin,,n,,pecan/hickory tree
pal,,adj,,pale
par,,prep,,by
par ègzamp,,exp,,for example
paradi,,n,,"heaven, paradise"
pardon,,n,,forgiveness
"pardonnin, pardòn",,v,,to forgive
paré,,adj,,ready
paren,,n,,"parent, relative"
paren avèk,,adjphr,,related to
parésé,,adj,,lazy
paréy,,adj,,"same, likewise, similar"
parin,,n,,godfather
park,,n,,park
"parlé, parl",,v,,to speak
"parol, mo",,n,,word
parpiyaj,,n,,"mess, junk, disorder"
"parpiyé, parpiy",,v,,"to make a mess, scatter, spread out"
parskœ,,conj,,because
"partajé, partaj",,v,,"to divide into parts, share, part (hair)"
"parti, par",,v,,to leave
pasé,,adv,,ago
"pasé, pas",,v,,"to pass, spend, die, go through"
patalon,,n,,"pants, dress pants"
patasa,,n,,sunfish
patat,,n,,"potato, sweet potato"
patat anglèz,,n,,potato
patat dous,,n,,sweet potato
patat-graté,,nphr,,hash browns
"patouyé, patouy",,v,,to splash around
pay,,n,,pie
payasé,,adj,,"dishevelled, tousled, messy"
"payé, pay",,v,,"to spread out, scatter, circulate"
pe,,v,,to be able to
pé,,v,,"to shut up, be quiet"
pé tô (la)boush/(la)djœl,,phr,,shut up!
"pèlé, pèl",,v,,"to call, be named (reflexive)"
pélikan,,n,,pelican
pendan,,conj,,"during, while"
"pensé, pens",,v,,"to think, to think about"
pèrsh,,n,,"perch, bluegill"
pèshé,,n,,"peach tree, sin"
"pèshé, pèsh",,v,,"to prevent, fish"
péshœr,,n,,"fisher, sinner"
petèt,,adv,,maybe
"péyé, péy",,v,,to pay
péyi,,n,,"country, nation"
péyi-ba,,n,,"forest, swamp, wetland"
pézan,,n,,nightmare (incubus)
pi,,adj,,smelly
pichòyab,,adj,,pitiful
pik,,n,,"spades (in cards), a bone of contention"
pikan,,n,,"sticker, thorn"
"pilé, pil",,v,,"to pound, grind"
pilil,,n,,pill
pimen,,n,,pepper (vegetable)
pimen enrajé,,nphr,,hot pepper
pimenté,,"v, adj",,"to spice, spicy, spiced"
pins,,n,,pincer
"pinsé, pins",,v,,to pinch
pintal,,n,,guinea fowl
pis-en-lit,,n,,dandelion
"pisé, pipi",,"v, n",,"to urinate, urine"
pistash,,n,,peanut
"piti, ti",,adj,,"small, little"
pla,,n,,"plate, dish (of food)"
plakminn,,n,,persimmon
planshé,,n,,floor
plant,,n,,plant
"planté, plant",,v,,to plant
plas,,n,,"place, space"
play,,n,,beach
plènn,,n,,plain
pléri,,n,,prairie
plézir,,n,,pleasure
"pli, pi; plis",,"adv, n",,"more, no more; more"
pli…ke,,adjphr,,more…than
plin,,"adj, n",,"full, a lot"
plizyèr,,adj,,many
plòt,,n,,ball (for a game)
"plushé, plush",,v,,"to peel, shell"
pœr,,"n, v",,"fear, to be afraid"
pokapo(k),,adj,,so-so
polis,,n,,the police
polit,,adj,,polite
ponn,,v,,to lay (eggs)
pònn,,v,,to hang
"ponponnin, ponponn",,v,,"to dress up, put on make up"
popa,,n,,dad
pòrt,,n,,door
"pòrté, pòrt",,v,,"to bring, to wear"
portré,,n,,"picture, photo, image, movie"
pou,,prep,,"for, about, to"
pou pa,,conj,,'so that...not'
pou sûr,,advphr,,"for sure, for certain"
poul,,n,,"chicken, hen"
poulayé,,n,,henhouse
"pousé, pous",,v,,"to push, grow"
pré,,prep,,"near, close"
prèmyé,,adj,,first
Prèmyé Avri,,n,,April Fool's Day
prèsé,,adj,,"busy, rushed, in a hurry"
"prèsé, près",,v,,"to press, squeeze"
prèsk,,"adj, adv",,almost
préten,,v,,"to claim, assert"
prézen,,n,,"present, gift"
"prézenté, prézent",,v,,"to introduce, present"
pri,,n,,price
printem,,n,,spring
"priyé, priy",,v,,to pray
prizon,,n,,prison
promèt,,v,,to promise
prònn,,v,,to take
prònn kouraj,,vphr,,take courage
pròsh,,"adj, adv",,"near, nearly, almost"
"proshé, prosh",,v,,to approach
proshin,,adj,,next
"protéjé, protèj",,v,,to protect
pur,,adj,,pure
pwason,,n,,fish
pwason-armin,,nphr,,gar
pwatrinn,,n,,chest
pwinñé,,n,,handful
pyas,,n,,dollar
pyé,,n,,"foot, foot (measurement)"
pyèj,,n,,trap
"pyoshé, pyòsh",,v,,"to hoe, dig"
ra,,n,,rat
ra-d-bwa,,n,,possum
"raklé, rak",,v,,to rake
ramasé rékòlt,,vphr,,to bring in the harvest
"ramasé, ramas",,v,,"to gather, pick up, collect"
ramo,,n,,branch (often of a magnolia tree)
ran,,n,,row
"ranjé, ranj",,v,,"to fix, repair, arrange, set (up), prepare"
ranm,,n,,oar
ranmin,,v,,"to row, stake (vegetables or plants), bring back"
"raplé, rapèl",,v,,"to recall, remember"
rar,,adj,,rare
"rashé, rash",,v,,to pull out
rato,,n,,rake
ravé,,n,,cockroach
rékòlt,,n,,"harvest, crop"
rémèd,,n,,"remedy, medicine"
"rentré, rent",,v,,"to enter, return, bring in, come home"
réponn,,v,,"to answer, respond"
répons,,n,,"answer, response"
"résévwa, réswa",,v,,to receive
"rèshté, rèshèt",,v,,"to vomit, throw up"
rèské,,adv/aux,,'might could'
rèspé,,n,,respect
rèspéktab,,adj,,respectable
"rèspèkté, rèspèk",,v,,to respect
rèstan,,n,,"leftovers, remainder"
"rèsté, rès",,v,,"to stay, remain, habitate, live, dwell"
rèv,,n,,dream
"rèvé, rèv",,v,,to dream
révéyon,,n,,réveillon (New Year's Eve dinner w/ midnight champagne toast)
rézon-dèt,,nphr,,"raison d'être, purpose"
riban,,n,,ribbon
riban taktak,,nphr,,popcorn garland
"riské, risk",,v,,to risk
ròb,,n,,dress
"rodayé, roday",,v,,"to travel on the road, roam, gallivant"
rodayœr,,n,,a traveller
roti,,v,,"to roast, grill"
rouyé,,adj,,"rusted, rusty"
roz,,adj,,pink
sa,,aux,,"future and/or conditional marker, often in instances of ‘will be’"
sabo,,n,,hoof
særmon,,n,,"sermon, lesson (religious)"
"særvi, sær",,v,,to use
"safré, saf",,v,,"to eat (of animals), eat like an animal (of humans)"
sal,,adj,,dirty
sal-a-manjé,,n,,dining room
salé,,"v, adj",,"to salt, salted"
sali,,v,,to get dirty
salon,,n,,living room
salopri,,interj,,danggit
salopri,,"n, adj",,"rascal, scoundrel; lousy, dirty-rotten"
sammdi,,n,,Saturday
Sammdi Sin,,nphr,,Holy Saturday
san,,conj,,without
sasafra,,n,,sassafras
sasakwa,,n,,"uproar, racket; those who make such noisy disturbances"
satsouma,,n,,satsuma
sé,,aux,,conditional marker
sédiy,,n,,cedille (accent mark)
sèk,,"adj, adv",,"dry, all of a sudden"
sèl/sœl,,adj,,"only, alone"
"sélébré, sélèb",,v,,to celebrate
sen(t),,n,,a hundred
senm,,v,,"to seem, appear, look like"
"senti, sen",,v,,"to feel (reflexive), to smell"
sèptenm,,n,,September
sèt,,n,,seven
"séyé, séy",,v,,to try
sèz,,n,,sixteen
sézonnin,,"v, adj",,"to season, seasoned"
sha faroush,,n,,"bobcat, lynx"
sha-tig,,nphr,,"panther, cougar"
shadèg,,n,,"grapefruit, grapefruit tree"
shær/shè,,adj,,"expensive, dear"
"shagrènnin, shagrènn",,v,,"to grieve, to annoy"
"shagrin, shagrin pou",,adj,,"sorry, remorseful, sad; sorry about, sad about"
shak,,adj,,"each, every"
shak,,interj,,shucks
Shak jour gin asé èk sô- chin traka,,phr,,'Sufficient unto the day is the evil thereof'
shandèl,,n,,candle
"shanjé, shanj",,v,,to change
shanm,,n,,"room, bedroom"
shanm-a-koushé,,n,,bedroom
shanm-bèñin,,n,,bathroom
shanson,,n,,song
"shanté, shant",,v,,to sing
shapo,,n,,hat
shar,,n,,car
"sharé, shar",,v,,to chat
sharivari,,n,,"shivaree, chivaree"
sharlòt,,n,,"green onion, shallot, scallion"
sharonñ,,n,,carrion
"sharshé, sharsh",,v,,"to seek, look for"
"sharyé, shari",,v,,to carry
"shashé, shash",,v,,to hunt
shatouyan,,adj,,ticklish
shé,,prep,,at the home of
shemin,,n,,"road, path"
shèn vær,,nphr,,live oak
shévé,,n,,hair
shevrèt,,n,,shrimp
shèvréy,,n,,deer
"shiké, shik",,v,,to chew
shikoré,,n,,chicory
shimij,,n,,shirt
"shiyé, shiy",,v,,to shit
sho,,adj,,hot
shodyè,,n,,"pot, pan"
"shofé, shòf",,v,,"to warm, get warm"
shoké,,adj,,"mad, angry"
shoukourout,,n,,"sauerkraut, coleslaw"
shwal,,n,,horse
shyin,,"n, adj",,"dog, to act doglike (ill-mannered, piggish)"
si,,conj,,"if, so"
si-tèlmen,,adv,,"so (to emphasize an adjective), so much, so many"
si(s),,n,,six
sid,,"n, adj",,"south, southern"
sidès,,"n, adj",,"southeast, southeastern"
"siflé, sif",,v,,to whistle
siñ,,n,,sign
singgo,,"n, v",,"nap, to nap"
sink,,n,,five
sinkant,,n,,fifty
sinkant-é-ènn,,n,,fifty-one
"sinmin, sinm",,v,,to sow
sinturon,,n,,belt
sip,,n,,cypress tree
sipozé (pou),,aux,,to be supposed to
"sipozé, sipoz",,v,,to suppose
sipré,,n,,Eastern red cedar
sipriyær,,n,,"swamp, cypress swamp"
sirkomflèks,,n,,circumflex (accent mark)
siro,,n,,"syrup, a womanizer"
"sisé, sis",,v,,to suck
"sitoplé, sivouplé",,interj,,please
smat,,adj,,smart
so,,interj,,so (discourse particle)
sô,,det,,"his, her, its"
sœr,,n,,sister
sofa,,n,,"sofa, couch"
sol,,n,,willow tree
soléy,,n,,sun
soléy-ba,,n,,twilight
soléy-koushé,,n,,sunset
soléy-lévé,,n,,sunrise
sonm,,"adj, adv",,"dark, somber"
sòrsyær,,n,,witch
"sosé, sos",,v,,"to dip, dunk (food)"
sosis,,n,,sausage
sòt,,adj,,foolish
soti byen,,vphr,,to turn out well
soti klær,,vphr,,to end up in the clear
soti salé,,vphr,,to turn out bad
"soti, sòr",,v,,"to be from, go out, end up"
sou,,n,,cent
souf,,n,,breath
"souflé, souf",,v,,"to blow (of wind), breathe, whistle"
soulyé,,n,,shoes
soupé,,n,,supper
"soupé, soup",,"n, v",,"dinner, to eat dinner"
soutærin,,n,,"basement, cellar"
souven,,adv,,often
"sové, sov",,v,,to save
spinn,,v,,to spin (records)
stil,,adv,,still
sto,,n,,store
stov,,n,,stove
supærb,,adj,,"super, wonderful"
"sur, sir",,prep,,on
"sûr, sîr",,adj,,"sure, certain"
surtou,,adv,,especially
swaf,,adj,,thirsty
swaré,,n,,"evening, eveningtime"
swasant,,n,,sixty
swasant-dis,,n,,seventy
swasant-é-ènn,,n,,sixty-one
swasant-onz,,n,,seventy-one
"swaté, swat",,v,,"to hope, to wish"
swé,,v,,to sweat
swiv,,v,,to follow
"swonñin, swonñ",,v,,"to care for, nurse"
syèl,,n,,"sky, heaven"
syo,,n,,bucket
ta(r),,adj,,late
taba,,n,,tobacco
"tærbolizé, tærboliz",,v,,"to confuse, upset, trouble"
taktak/mayi taktak,,n,,popcorn
talèr/talœr,,adv,,"soon, a little while ago"
tan,,"adj, adv",,"so many, so"
tandi,,conj,,while
tanmbou,,n,,drum
tanpri,,interj,,please
tant,,n,,aunt
"tapisé, tapis",,v,,"to hit, strike, slap"
taratantan tombé lévé,,phr,,name of a game like 'duck-duck-goose'
"tas, kòp",,n,,cup
tash,,n,,spot
"taté, tat",,v,,to feel around
tay,,n,,tire
"tayé, tay",,v,,"to trim, cut, beat, whip, spank"
tayo,,n,,hound
té,,aux,,past marker
Tèksas,,n,,Texas
tèl,,adj,,such
tèl-é-tèl,,nphr,,such and such
tem,,n,,"weather, time"
tem-zen-tem,,adv,,"from time to time, now and then, occasionally"
ti-bétay,,nphr,,"insect, bug"
ti-brin,,nphr,,a little bit
ti-fiy,,n,,granddaughter
ti-garçon,,n,,grandson
ti-nom,,n,,nickname
"ti-zenfan, ti-piti",,n,,grandchild
tig,,n,,tiger
tikèt,,n,,"ticket, label, tag"
"tinyin, tènn",,v,,"to turn off, put out"
tiré in pòrtré,,n,,to take a picture
tiyon,,n,,"headscarf, tignon"
to,,pro,,you (subject)
tô,,det,,your (singular)
tomat,,n,,tomato
tombé-lèvé,,advphr,,so-so
"tombé, tom(m/b)",,v,,to fall
tònær,,n,,thunder
"tònndé, tònn",,v,,to hear
"tòrnin (ònn, òf), tòrn",,v,,"to turn (on, off)"
tòrnin latær,,vphr,,to till
tòrshon,,n,,rag
tòrtu,,n,,turtle
tou,,adj,,all
tou alentour,,prep,,all around
tou pagayé,,adjphr,,"messy, to be in disarray"
tou-(l)-monn,,nphr,,everyone
tou-fé,,adj,,ready-made
tou-kèkènn,,nphr,,"everyone, everybody"
tou-kishòj,,n,,everything
tou-l-tem,,adv,,"all the time, forever, always"
tou-la-journin,,adv,,all day long
tou-lê-dé,,n,,both
tou-lê-jour,,adv,,every day
toujou,,"adj, adv",,"always, still"
"toupé, chik",,n,,nerve
tous,,n,,cough
"tousé, tous",,v,,to cough
trækta,,n,,tractor
traka,,n,,"difficulty, problem, trouble"
trakasé apré,,vphr,,to worry about
"trakasé, trakas",,v,,to worry
trankil,,adj,,"peaceful, quiet, calm"
"trapé, trap",,v,,"to get, fetch, catch, reach, trap, find"
"travayé, travay",,v,,to work
trèf,,n,,"clover, clubs (in cards)"
"trempé, tremp",,v,,to get wet
"trènnayé, trènnay",,v,,to move from place to place
"trènnin, trènn",,v,,"to trail, drag (along)"
trent,,n,,thirty
trent-é-ènn,,n,,thirty-one
"trèsé, très",,v,,to braid
trèz,,n,,thirteen
trézòr,,n,,treasure
trin,,n,,"noise, train"
tris,,adj,,sad
tro,,adj,,too
tro bokou,,nphr,,"too many, too much"
tròk,,n,,truck
tròs,,v,,to trust
trwa,,n,,three
twa,,pro,,you (object)
twa,,n,,roof
twalèt,,n,,dresser
umid,,adj,,"humid, wet"
vær,,adj,,green
vær,,n,,"glass, glass (for drinking)"
værminn,,n,,"vermin, pest, germs"
værzyon,,n,,version
vakabon,,n,,vagabond
"valé, val",,v,,to swallow
vals,,n,,waltz
vann,,n,,van
vash,,n,,cow
vayan,,adj,,"good, great, excellent, nice"
vendrédi,,n,,Friday
Vendrédi Sin,,nphr,,Good Friday
vent,,n,,"stomach, belly"
"véyé, véy",,v,,to watch over (a body prior to a funeral)
vid,,adj,,empty
vidyo,,n,,video
vif,,adj,,"spry, lively, quick, alert"
vilaj,,n,,town
vilin,,adj,,"mean, nasty, ugly"
vin-de,,n,,twenty-two
vin(t),,n,,twenty
vinég,,n,,vinegar
vini sharshé,,vphr,,to come get
"vini, vyin",,v,,"to come, become"
vint-é-ènn,,n,,twenty-one
vit,,"adj, adv",,"fast, quickly"
vit kòm lapoud,,phr,,quick as a flash
viv,,v,,"to live, dwell"
vivan,,adj,,"living, alive"
"vizité, vizit",,v,,to visit (person or place)
vo,,v,,to be worth
vô,,det,,"your (plural, formal)"
vo pa aryin,,vphr,,to be worthless
vo-myé,,vphr,,"to prefer, had better, be better"
"volé, vòl",,v,,"to fly, steal"
vomi,,v,,to vomit
vònn,,v,,to sell
vou,,pro,,"you (plural, formal) (subject and object)"
"voyé, vòy",,v,,"to send, throw, deliver"
voyèl,,n,,vowel
vré,,adj,,true
vwala,,interj,,voilà
vwayaj,,n,,"voyage, trip"
"vwayajé, vwayaj",,v,,to travel
"vwazin, vwazinn",,n,,"neighbor (m/f), neighbor (f)"
vwazinaj,,n,,"neighborhood, vicinity"
vyé,,adj,,old
vyolèt,,"n, adj",,violet (flower); violet (color)
wa(r),,v,,to see
wawaron,,n,,bullfrog
wèl,,interj,,well (discourse particle)
"wi, wé",,interj,,yes
wiski,,n,,whiskey
yær,,adv,,yesterday
yær-oswa,,nphr,,last night
yé,,pro,,they (subject and object)
yê,,v,,"to be (interr., relative)"
yê,,det,,their
yéyay,,interj,,yeyaille; exclamation
yuit/wit,,n,,eight
zærb,,n,,grass
zafær,,n,,thing
zan,,n,,year (when counting or with a number)
zarèt,,n,,spines of a fish
zariko,,"n, adj",,beans; zydeco
zartik,,n,,article
zaryin,,n,,spider
zèf,,n,,egg
zégré,,n,,egret
"zéklær, zéklè",,n,,lightning
zen (dê),,adjphr,,some
"zenfan, piti",,n,,child
zépis,,n,,spice
zépol,,n,,shoulder
zétaj,,n,,floor (of a building)
zigzag,,n,,zigzag
Zindyin; zindyin,,"n, adj",,Indian (Native American)
zirondèl,,n,,swallow (bird)
zònyon,,n,,onion
zoranj,,"n, adj",,orange (fruit); orange (color)
zòrdi,,n,,trash
zòrèy,,n,,ear
zòrtèy,,n,,toe
zouti,,n,,tool
"zwazo, zozo",,n,,bird
zyé,,n,,eye
